                  epoch,         train/box_loss,         train/cls_loss,         train/dfl_loss,   metrics/precision(B),      metrics/recall(B),       metrics/mAP50(B),    metrics/mAP50-95(B),           val/box_loss,           val/cls_loss,           val/dfl_loss,                 lr/pg0,                 lr/pg1,                 lr/pg2
                      1,                0.80939,                 3.1376,                 1.0226,                0.48276,                0.23417,                 0.4654,                0.39944,                0.56102,                 2.3722,                0.84661,              0.0033013,              0.0033013,              0.0033013
                      2,                0.76153,                 1.9154,                0.94453,                0.58556,                0.94053,                 0.6804,                0.57645,                0.62139,                 1.3239,                0.87663,               0.006628,               0.006628,               0.006628
                      3,                 0.8198,                 1.7309,                0.96338,                0.50504,                 0.8641,                 0.6922,                0.56476,                0.71564,                 1.3971,                 0.9175,              0.0099482,              0.0099482,              0.0099482
                      4,                0.83801,                 1.5734,                0.97721,                0.53705,                0.91362,                  0.674,                0.53784,                0.73871,                 1.1126,                0.95031,              0.0099703,              0.0099703,              0.0099703
                      5,                0.80914,                 1.3898,                 0.9781,                0.61877,                0.92791,                0.72812,                0.60488,                0.66683,                 1.1157,                0.92088,              0.0099604,              0.0099604,              0.0099604
                      6,                0.77691,                 1.2646,                0.96599,                0.53143,                0.73663,                0.61947,                 0.4833,                0.81893,                 1.3472,                 1.0068,              0.0099505,              0.0099505,              0.0099505
                      7,                 0.7847,                 1.2054,                0.97674,                0.57483,                0.95053,                0.62922,                0.52527,                0.65495,                 1.1053,                0.91073,              0.0099406,              0.0099406,              0.0099406
                      8,                0.76616,                 1.1308,                0.96678,                0.72079,                0.89316,                0.79655,                0.68007,                0.60122,                0.82485,                0.89875,              0.0099307,              0.0099307,              0.0099307
                      9,                0.74167,                 1.0451,                0.96131,                0.67391,                0.88084,                0.76906,                0.65715,                 0.6226,                0.88134,                0.90076,              0.0099208,              0.0099208,              0.0099208
                     10,                0.73287,                0.99239,                0.94939,                0.63101,                0.93654,                0.77002,                0.65521,                0.61248,                 0.8951,                0.90035,              0.0099109,              0.0099109,              0.0099109
                     11,                0.74027,                 0.9496,                0.96001,                0.72108,                0.96376,                0.82913,                0.71339,                0.60354,                0.68004,                0.89481,               0.009901,               0.009901,               0.009901
                     12,                0.73028,                0.91563,                0.95661,                0.74577,                0.91347,                 0.7985,                0.68389,                0.60912,                0.73171,                 0.9025,              0.0098911,              0.0098911,              0.0098911
                     13,                0.72054,                0.88919,                  0.947,                0.75141,                0.92209,                0.81484,                0.70185,                  0.601,                0.68371,                0.89683,              0.0098812,              0.0098812,              0.0098812
                     14,                0.72373,                0.88064,                0.95146,                0.75401,                 0.9486,                0.84133,                0.71647,                0.59198,                0.61755,                0.89286,              0.0098713,              0.0098713,              0.0098713
                     15,                0.69842,                0.82403,                0.94173,                0.65119,                0.92654,                0.81041,                0.70198,                0.58778,                0.83006,                0.89032,              0.0098614,              0.0098614,              0.0098614
                     16,                0.69132,                0.82699,                0.94209,                0.75547,                0.95545,                0.84873,                0.74192,                0.53563,                0.59187,                0.88047,              0.0098515,              0.0098515,              0.0098515
                     17,                0.69526,                0.80267,                0.94341,                0.71412,                0.88717,                0.82594,                0.70346,                0.61435,                0.66552,                0.89773,              0.0098416,              0.0098416,              0.0098416
                     18,                0.69278,                0.80628,                0.93565,                 0.7644,                0.96681,                0.86238,                0.74824,                0.55003,                0.56946,                0.88601,              0.0098317,              0.0098317,              0.0098317
                     19,                0.68669,                0.78705,                0.93688,                0.75687,                0.96928,                0.84572,                0.73037,                0.55178,                0.57735,                0.88424,              0.0098218,              0.0098218,              0.0098218
                     20,                0.66923,                0.78667,                0.93108,                0.72933,                0.95369,                0.85258,                0.74226,                0.55254,                0.61704,                0.88787,              0.0098119,              0.0098119,              0.0098119
                     21,                0.68068,                0.75267,                0.93152,                 0.7628,                0.94734,                0.81257,                0.71023,                 0.5729,                0.61284,                0.88658,               0.009802,               0.009802,               0.009802
                     22,                0.66817,                0.75058,                0.93605,                0.73362,                0.94582,                0.85657,                0.74907,                0.54881,                0.65068,                0.88706,              0.0097921,              0.0097921,              0.0097921
                     23,                0.66656,                0.74883,                0.93066,                0.78146,                0.96899,                0.88106,                0.77409,                0.54941,                0.54481,                0.88142,              0.0097822,              0.0097822,              0.0097822
                     24,                0.65222,                0.71822,                0.92701,                 0.7863,                0.98052,                0.87301,                0.77088,                0.53704,                0.53276,                0.87521,              0.0097723,              0.0097723,              0.0097723
                     25,                0.65253,                 0.7247,                 0.9159,                0.79382,                0.97764,                0.85054,                0.75359,                0.53149,                0.50574,                0.87792,              0.0097624,              0.0097624,              0.0097624
                     26,                0.65575,                0.69203,                0.92901,                0.76967,                 0.9846,                0.82635,                0.72549,                0.52634,                 0.5191,                0.87417,              0.0097525,              0.0097525,              0.0097525
                     27,                0.65767,                0.69648,                0.93298,                0.79921,                0.97141,                0.85173,                0.74523,                  0.542,                0.50355,                0.87869,              0.0097426,              0.0097426,              0.0097426
                     28,                0.65651,                0.69586,                0.93139,                0.78338,                 0.9854,                 0.8667,                0.76167,                0.53434,                0.52851,                0.87276,              0.0097327,              0.0097327,              0.0097327
                     29,                0.64607,                0.70536,                0.92128,                0.80908,                0.96405,                0.87112,                0.76738,                0.53216,                0.50567,                0.87786,              0.0097228,              0.0097228,              0.0097228
                     30,                0.64673,                0.70684,                0.91951,                0.79559,                0.98985,                0.84381,                0.75032,                0.52145,                0.50291,                 0.8725,              0.0097129,              0.0097129,              0.0097129
                     31,                0.63676,                0.68796,                0.92354,                0.78483,                 0.9698,                0.86082,                 0.7646,                0.51521,                0.50079,                0.86982,               0.009703,               0.009703,               0.009703
                     32,                 0.6445,                0.69055,                0.92303,                0.80261,                0.99324,                0.85059,                0.75379,                0.52978,                0.47239,                 0.8742,              0.0096931,              0.0096931,              0.0096931
                     33,                0.63491,                0.67601,                0.91524,                0.78759,                 0.9617,                0.85871,                0.75661,                 0.5352,                0.52923,                0.87706,              0.0096832,              0.0096832,              0.0096832
                     34,                 0.6347,                 0.6817,                0.91526,                0.80152,                0.96071,                0.86825,                0.76674,                0.53521,                0.48177,                0.87675,              0.0096733,              0.0096733,              0.0096733
                     35,                0.62577,                0.67776,                0.91444,                0.80151,                0.98224,                0.85397,                 0.7548,                0.52019,                0.47026,                0.87182,              0.0096634,              0.0096634,              0.0096634
                     36,                0.63245,                0.65632,                 0.9188,                0.80842,                0.98282,                0.86485,                0.77095,                0.51761,                0.47936,                0.86725,              0.0096535,              0.0096535,              0.0096535
                     37,                0.62276,                0.66322,                0.91634,                0.80355,                0.99017,                 0.8634,                0.76974,                0.50807,                0.46902,                0.86478,              0.0096436,              0.0096436,              0.0096436
                     38,                0.62332,                0.66068,                0.91681,                0.79859,                0.98235,                0.85256,                0.75588,                0.50725,                0.47368,                0.86688,              0.0096337,              0.0096337,              0.0096337
                     39,                 0.6279,                0.67495,                0.91787,                0.78298,                0.97738,                0.83265,                0.74173,                0.51257,                0.50892,                0.87287,              0.0096238,              0.0096238,              0.0096238
                     40,                0.62987,                0.68255,                0.91829,                0.79411,                0.97589,                0.83485,                 0.7392,                0.53115,                0.50222,                0.87543,              0.0096139,              0.0096139,              0.0096139
                     41,                0.62069,                 0.6661,                0.92308,                0.79578,                0.98326,                0.83695,                0.74808,                 0.5065,                0.47596,                 0.8648,               0.009604,               0.009604,               0.009604
                     42,                0.61368,                0.65282,                0.91447,                0.79993,                0.98732,                0.85517,                0.75938,                0.51368,                0.46456,                0.87494,              0.0095941,              0.0095941,              0.0095941
                     43,                0.60743,                0.63645,                0.90964,                0.81497,                0.98899,                0.85321,                  0.751,                0.52587,                0.46192,                0.87191,              0.0095842,              0.0095842,              0.0095842
                     44,                0.60982,                0.66764,                 0.9146,                0.79226,                0.97394,                0.84508,                0.74696,                0.51482,                0.48624,                0.86823,              0.0095743,              0.0095743,              0.0095743
                     45,                0.61278,                0.64271,                0.90302,                0.80224,                 0.9915,                0.85065,                0.75631,                0.50618,                0.48068,                0.86319,              0.0095644,              0.0095644,              0.0095644
                     46,                0.60616,                0.63598,                0.90583,                 0.8112,                0.98273,                0.87181,                0.77285,                0.50495,                0.45444,                0.86739,              0.0095545,              0.0095545,              0.0095545
                     47,                0.60301,                0.64998,                0.90675,                0.80292,                0.97808,                0.85387,                0.75497,                0.52601,                0.46082,                0.87266,              0.0095446,              0.0095446,              0.0095446
                     48,                0.59777,                0.62971,                0.90175,                0.81236,                0.98334,                0.86519,                0.77486,                0.49658,                0.45114,                0.86192,              0.0095347,              0.0095347,              0.0095347
                     49,                0.60835,                0.62165,                0.90726,                 0.8101,                0.98728,                0.85541,                0.76051,                0.49578,                0.44287,                0.86339,              0.0095248,              0.0095248,              0.0095248
                     50,                0.60102,                0.62531,                0.90528,                0.81385,                0.99324,                0.86124,                0.76736,                0.48592,                0.44416,                0.86029,              0.0095149,              0.0095149,              0.0095149
                     51,                0.60407,                0.60953,                0.90274,                0.81921,                0.99144,                 0.8632,                0.77283,                0.49584,                0.43204,                0.86339,               0.009505,               0.009505,               0.009505
                     52,                0.57502,                0.60805,                0.89457,                0.81691,                0.99079,                0.87362,                0.78161,                0.49056,                0.43783,                0.86188,              0.0094951,              0.0094951,              0.0094951
                     53,                0.58876,                0.62983,                0.90292,                0.81736,                0.97841,                0.85714,                0.77036,                 0.4892,                0.42743,                0.86176,              0.0094852,              0.0094852,              0.0094852
                     54,                0.59878,                0.63068,                0.90563,                0.81016,                0.97485,                0.85184,                0.76141,                0.49562,                 0.4581,                0.86089,              0.0094753,              0.0094753,              0.0094753
                     55,                0.59411,                0.62607,                0.90348,                0.80443,                0.97742,                0.85089,                0.76171,                0.49485,                0.46033,                0.86303,              0.0094654,              0.0094654,              0.0094654
                     56,                0.58534,                0.61611,                0.89544,                0.81752,                0.99324,                0.85255,                0.76218,                 0.5026,                0.44432,                0.86636,              0.0094555,              0.0094555,              0.0094555
                     57,                0.59855,                 0.6331,                0.90742,                0.81327,                0.99116,                0.85406,                0.76888,                0.47847,                0.43279,                0.85835,              0.0094456,              0.0094456,              0.0094456
                     58,                0.57982,                0.60308,                0.89818,                0.80604,                0.98945,                 0.8403,                0.75682,                0.49386,                0.43928,                0.86513,              0.0094357,              0.0094357,              0.0094357
                     59,                0.59409,                0.59958,                0.90686,                0.80376,                0.98182,                0.85417,                0.76496,                0.49767,                0.47147,                0.86603,              0.0094258,              0.0094258,              0.0094258
                     60,                 0.5948,                0.59603,                0.90806,                0.79753,                0.98275,                0.85765,                0.76896,                0.48725,                0.46188,                0.86113,              0.0094159,              0.0094159,              0.0094159
                     61,                0.58426,                0.59587,                0.90273,                 0.8124,                 0.9858,                0.86037,                0.77229,                0.48838,                0.44137,                 0.8608,               0.009406,               0.009406,               0.009406
                     62,                0.58946,                0.60284,                0.89936,                0.81092,                0.99023,                  0.839,                0.75381,                0.49001,                0.44718,                0.86024,              0.0093961,              0.0093961,              0.0093961
                     63,                0.58552,                0.61276,                0.89844,                0.81344,                0.98253,                0.84976,                0.75579,                0.50794,                0.45653,                  0.867,              0.0093862,              0.0093862,              0.0093862
                     64,                0.58686,                0.59151,                 0.9006,                0.81306,                0.98404,                0.85452,                0.77115,                0.48345,                0.43931,                0.86001,              0.0093763,              0.0093763,              0.0093763
                     65,                0.58598,                0.61205,                 0.9031,                0.81097,                  0.986,                0.84585,                0.75816,                0.48848,                0.43414,                0.86048,              0.0093664,              0.0093664,              0.0093664
                     66,                0.58926,                0.61451,                0.89659,                0.81468,                0.98906,                0.84641,                0.76159,                0.48752,                0.43422,                0.86016,              0.0093565,              0.0093565,              0.0093565
                     67,                 0.5782,                0.57792,                 0.9027,                0.81916,                0.99023,                0.85987,                0.76832,                0.48753,                0.42054,                 0.8633,              0.0093466,              0.0093466,              0.0093466
                     68,                 0.5858,                 0.5924,                0.90263,                 0.8149,                0.98421,                0.86188,                0.77858,                0.47102,                0.42383,                 0.8584,              0.0093367,              0.0093367,              0.0093367
                     69,                0.59637,                0.61856,                0.89877,                0.81282,                0.99082,                0.84588,                0.76177,                0.48089,                0.42385,                0.85708,              0.0093268,              0.0093268,              0.0093268
                     70,                0.56522,                0.57772,                0.88602,                0.81015,                0.98303,                0.85429,                0.77314,                0.47892,                0.43107,                0.85836,              0.0093169,              0.0093169,              0.0093169
                     71,                 0.5731,                0.56897,                0.89548,                0.80993,                0.99002,                0.84371,                0.76208,                0.48615,                0.41886,                0.86082,               0.009307,               0.009307,               0.009307
                     72,                 0.5653,                 0.5979,                0.89104,                0.81386,                0.99015,                0.86507,                0.77837,                0.48147,                0.41584,                0.85586,              0.0092971,              0.0092971,              0.0092971
                     73,                0.56752,                 0.5895,                 0.8946,                0.80646,                0.99066,                 0.8549,                0.76716,                0.47905,                0.43645,                0.85765,              0.0092872,              0.0092872,              0.0092872
                     74,                0.58577,                0.58514,                0.89776,                0.81777,                0.99023,                0.85857,                 0.7716,                0.48385,                0.42556,                0.85954,              0.0092773,              0.0092773,              0.0092773
                     75,                0.57098,                0.57517,                0.89731,                0.81479,                0.99041,                 0.8511,                0.76573,                0.47625,                0.42409,                0.85531,              0.0092674,              0.0092674,              0.0092674
                     76,                0.57213,                0.57569,                0.89346,                0.80726,                0.98664,                 0.8544,                0.77059,                 0.4881,                0.42888,                0.85733,              0.0092575,              0.0092575,              0.0092575
                     77,                0.57902,                0.58349,                0.89727,                0.80627,                0.99324,                 0.8575,                0.77073,                0.47605,                 0.4314,                0.85645,              0.0092476,              0.0092476,              0.0092476
                     78,                0.58445,                0.59692,                0.90092,                0.80472,                0.98863,                0.84592,                0.76237,                0.47167,                0.41557,                0.85582,              0.0092377,              0.0092377,              0.0092377
                     79,                0.56109,                0.58033,                0.89872,                0.80883,                0.98598,                0.85181,                0.77118,                0.46658,                0.42888,                0.85474,              0.0092278,              0.0092278,              0.0092278
                     80,                0.56789,                0.58056,                0.89371,                0.81203,                0.97889,                0.87008,                0.78467,                 0.4764,                0.42395,                0.85842,              0.0092179,              0.0092179,              0.0092179
                     81,                0.57386,                0.57963,                 0.8975,                0.81625,                0.99274,                0.84346,                0.75684,                0.49113,                0.42249,                0.86238,               0.009208,               0.009208,               0.009208
                     82,                0.56148,                0.57812,                0.89307,                0.80782,                0.99105,                0.87598,                0.79033,                0.47444,                0.42793,                0.85619,              0.0091981,              0.0091981,              0.0091981
                     83,                0.56505,                0.56605,                0.89535,                0.81284,                0.98934,                0.85857,                 0.7759,                0.47513,                0.42655,                0.85531,              0.0091882,              0.0091882,              0.0091882
                     84,                0.57602,                0.58899,                0.89931,                0.81115,                0.99324,                0.86292,                0.78436,                0.47327,                0.42152,                0.85401,              0.0091783,              0.0091783,              0.0091783
                     85,                0.57222,                0.57514,                0.89493,                0.81827,                 0.9909,                0.87078,                0.79094,                0.46522,                0.40714,                0.85525,              0.0091684,              0.0091684,              0.0091684
                     86,                0.57036,                0.56195,                0.88999,                0.80932,                0.99294,                0.84783,                0.76937,                0.46486,                0.41328,                0.85466,              0.0091585,              0.0091585,              0.0091585
                     87,                0.56479,                0.59008,                0.89812,                 0.8097,                0.98045,                0.87137,                0.78483,                0.47467,                0.42014,                0.85723,              0.0091486,              0.0091486,              0.0091486
                     88,                0.56489,                0.57136,                0.89455,                 0.8174,                0.99047,                0.85112,                0.77531,                0.46114,                0.42383,                0.85394,              0.0091387,              0.0091387,              0.0091387
                     89,                0.56049,                0.57326,                0.89313,                0.80904,                0.99191,                0.85096,                0.76806,                0.48256,                0.41687,                0.86078,              0.0091288,              0.0091288,              0.0091288
                     90,                0.55574,                0.57046,                0.88705,                0.81566,                0.98269,                0.85567,                0.77787,                 0.4749,                0.41812,                0.85334,              0.0091189,              0.0091189,              0.0091189
                     91,                0.55613,                0.56924,                0.88671,                0.81493,                0.98992,                 0.8477,                0.77002,                0.45944,                0.39902,                0.85017,               0.009109,               0.009109,               0.009109
                     92,                0.55374,                0.57275,                0.88621,                 0.8214,                0.99324,                0.85967,                0.77913,                 0.4761,                0.41044,                0.85358,              0.0090991,              0.0090991,              0.0090991
                     93,                0.56362,                0.57076,                0.89391,                0.81886,                0.99324,                0.85766,                0.78376,                 0.4584,                0.40617,                0.84975,              0.0090892,              0.0090892,              0.0090892
                     94,                0.55736,                 0.5698,                0.89428,                0.81145,                0.98006,                 0.8696,                0.79131,                 0.4674,                0.42549,                0.85222,              0.0090793,              0.0090793,              0.0090793
                     95,                0.56043,                0.56802,                0.89775,                0.81851,                0.99023,                0.87805,                0.79599,                0.46688,                0.40445,                 0.8518,              0.0090694,              0.0090694,              0.0090694
                     96,                 0.5668,                 0.5687,                0.89822,                0.81303,                0.99023,                0.86807,                0.78817,                0.46413,                0.40919,                0.85388,              0.0090595,              0.0090595,              0.0090595
                     97,                0.55914,                0.56344,                0.89828,                0.79823,                0.96979,                0.86369,                0.78448,                0.45977,                0.46445,                 0.8515,              0.0090496,              0.0090496,              0.0090496
                     98,                0.55855,                0.57036,                0.89536,                 0.8065,                0.98421,                0.84333,                0.76135,                0.47386,                0.42202,                 0.8542,              0.0090397,              0.0090397,              0.0090397
                     99,                0.56494,                0.56727,                0.88928,                 0.8184,                0.99324,                0.85176,                0.77485,                0.46339,                0.40442,                0.85216,              0.0090298,              0.0090298,              0.0090298
                    100,                0.55302,                0.54922,                0.89023,                0.81873,                0.99324,                0.87436,                0.79259,                 0.4824,                0.40979,                0.85854,              0.0090199,              0.0090199,              0.0090199
                    101,                0.55569,                0.57121,                0.89131,                 0.8094,                0.99171,                 0.8648,                0.78723,                0.45082,                0.40478,                0.84543,                0.00901,                0.00901,                0.00901
                    102,                0.55443,                0.56844,                0.89096,                0.81712,                0.99008,                0.85446,                0.77879,                0.46094,                0.40395,                0.84865,              0.0090001,              0.0090001,              0.0090001
                    103,                0.54457,                0.55632,                0.88831,                 0.8175,                0.99324,                0.86615,                0.78675,                0.46866,                0.41352,                0.85411,              0.0089902,              0.0089902,              0.0089902
                    104,                0.55238,                0.56949,                0.88774,                0.81731,                0.98918,                0.86562,                 0.7863,                0.47168,                0.39975,                0.85547,              0.0089803,              0.0089803,              0.0089803
                    105,                0.55597,                0.56347,                0.89396,                0.81385,                0.99324,                0.86144,                0.78083,                0.46582,                0.41101,                0.85146,              0.0089704,              0.0089704,              0.0089704
                    106,                0.54824,                0.55596,                0.89187,                0.81477,                0.98763,                0.84591,                0.76474,                 0.4624,                0.40281,                 0.8528,              0.0089605,              0.0089605,              0.0089605
                    107,                0.55096,                0.54783,                0.89129,                 0.8167,                0.99324,                0.85294,                0.77558,                0.46398,                0.41067,                0.85357,              0.0089506,              0.0089506,              0.0089506
                    108,                0.54439,                 0.5515,                 0.8881,                0.81939,                0.98722,                0.86552,                0.79226,                0.45219,                0.40478,                0.84997,              0.0089407,              0.0089407,              0.0089407
                    109,                0.55886,                0.54943,                0.89564,                0.81827,                0.98722,                0.85761,                0.78077,                0.45574,                0.40433,                0.85027,              0.0089308,              0.0089308,              0.0089308
                    110,                0.53591,                0.55358,                0.88795,                0.81716,                0.98992,                0.86034,                0.78581,                0.45254,                0.40474,                0.84885,              0.0089209,              0.0089209,              0.0089209
                    111,                0.55226,                0.55754,                0.89634,                0.82083,                0.98895,                0.83728,                0.76258,                0.46077,                0.41187,                0.85176,               0.008911,               0.008911,               0.008911
                    112,                0.55398,                0.54797,                 0.8855,                0.81392,                0.98478,                0.86114,                0.78042,                0.46403,                0.40598,                0.85305,              0.0089011,              0.0089011,              0.0089011
                    113,                0.54319,                0.53519,                0.88206,                0.81743,                0.99034,                0.87813,                0.80982,                0.44225,                0.41295,                0.84469,              0.0088912,              0.0088912,              0.0088912
                    114,                0.54934,                0.55128,                0.88148,                0.81411,                0.98878,                 0.8729,                0.78953,                0.46117,                0.41149,                0.84967,              0.0088813,              0.0088813,              0.0088813
                    115,                0.55527,                0.56595,                0.88826,                0.81989,                0.99324,                0.85383,                0.77929,                0.45971,                0.40389,                0.84907,              0.0088714,              0.0088714,              0.0088714
                    116,                0.55231,                0.54577,                 0.8915,                0.81516,                0.99241,                0.85152,                  0.781,                0.45729,                0.40121,                0.84697,              0.0088615,              0.0088615,              0.0088615
                    117,                0.55526,                0.54544,                0.88714,                 0.8127,                0.99023,                0.85464,                0.78703,                0.44217,                0.40429,                0.84487,              0.0088516,              0.0088516,              0.0088516
                    118,                0.53516,                0.53637,                0.88124,                0.81122,                0.98993,                0.85425,                0.77642,                0.45762,                0.39999,                0.84868,              0.0088417,              0.0088417,              0.0088417
                    119,                0.55335,                0.57533,                0.89297,                0.81597,                0.98939,                0.86618,                0.79081,                0.45161,                0.39621,                0.84633,              0.0088318,              0.0088318,              0.0088318
                    120,                0.54365,                0.56581,                0.89188,                0.81886,                0.99324,                0.85339,                0.77621,                0.45439,                0.39687,                0.84739,              0.0088219,              0.0088219,              0.0088219
                    121,                0.55348,                0.53347,                 0.8877,                0.81956,                0.98722,                0.86453,                 0.7904,                0.44795,                 0.3941,                0.84508,               0.008812,               0.008812,               0.008812
                    122,                0.53709,                0.54167,                0.88255,                0.81803,                0.98993,                0.85055,                0.77745,                0.44636,                0.40442,                0.84681,              0.0088021,              0.0088021,              0.0088021
                    123,                0.53305,                 0.5346,                0.87773,                0.81918,                0.99324,                 0.8748,                0.80038,                0.44652,                0.40294,                0.84484,              0.0087922,              0.0087922,              0.0087922
                    124,                0.53212,                0.53191,                0.87932,                0.81025,                0.98569,                0.87337,                0.79536,                0.45041,                0.41958,                0.84851,              0.0087823,              0.0087823,              0.0087823
                    125,                0.53707,                0.54101,                0.88449,                0.81737,                0.99324,                0.85503,                0.77765,                0.45114,                0.40303,                0.84667,              0.0087724,              0.0087724,              0.0087724
                    126,                0.54418,                0.56234,                0.88505,                0.81517,                0.98982,                0.85837,                0.79118,                0.44512,                0.40435,                0.84457,              0.0087625,              0.0087625,              0.0087625
                    127,                0.52494,                0.52233,                0.87405,                0.81681,                0.99324,                0.86804,                0.78568,                 0.4498,                0.40034,                0.84626,              0.0087526,              0.0087526,              0.0087526
                    128,                0.53561,                0.53742,                0.88583,                 0.8186,                0.99324,                0.88079,                0.80982,                0.44294,                0.39682,                0.84426,              0.0087427,              0.0087427,              0.0087427
                    129,                0.53589,                0.54925,                0.88206,                0.81929,                0.99324,                0.88068,                0.80185,                0.44515,                0.39798,                0.84359,              0.0087328,              0.0087328,              0.0087328
                    130,                0.53371,                0.53766,                0.88611,                0.81546,                0.99064,                0.87843,                0.80497,                0.43818,                0.40042,                0.84211,              0.0087229,              0.0087229,              0.0087229
                    131,                0.52982,                0.53776,                0.88271,                0.81263,                0.98869,                0.86913,                0.79608,                0.44263,                0.40751,                0.84472,               0.008713,               0.008713,               0.008713
                    132,                0.53252,                0.53158,                0.88685,                0.81876,                0.99017,                0.85621,                0.78602,                0.44146,                0.39707,                0.84173,              0.0087031,              0.0087031,              0.0087031
                    133,                0.55161,                0.54103,                0.88938,                0.81345,                0.99313,                0.85522,                0.78156,                0.44717,                0.40674,                0.84448,              0.0086932,              0.0086932,              0.0086932
                    134,                0.53925,                0.55147,                 0.8861,                0.81566,                0.99232,                 0.8527,                0.78524,                0.44409,                0.39975,                0.84252,              0.0086833,              0.0086833,              0.0086833
                    135,                0.53475,                0.53876,                0.88368,                0.81138,                0.99324,                0.84294,                0.77636,                0.44284,                0.40219,                0.84386,              0.0086734,              0.0086734,              0.0086734
                    136,                0.52685,                0.53048,                0.87865,                0.81898,                0.99101,                0.86563,                0.78921,                 0.4495,                0.39296,                 0.8495,              0.0086635,              0.0086635,              0.0086635
                    137,                0.52818,                0.53451,                0.88238,                0.81731,                0.99324,                 0.8576,                0.78101,                0.45842,                0.39948,                0.85076,              0.0086536,              0.0086536,              0.0086536
                    138,                0.54204,                0.52953,                0.88422,                0.80788,                0.99226,                0.84518,                0.77663,                0.44436,                0.40618,                0.84485,              0.0086437,              0.0086437,              0.0086437
                    139,                0.54279,                0.54375,                 0.8902,                0.81056,                0.99324,                0.84429,                 0.7773,                0.44814,                0.40275,                0.84698,              0.0086338,              0.0086338,              0.0086338
                    140,                 0.5368,                0.54405,                0.89136,                  0.814,                 0.9907,                0.85194,                0.77794,                0.44263,                0.40009,                0.84573,              0.0086239,              0.0086239,              0.0086239
                    141,                0.53427,                0.53875,                0.88272,                0.81837,                0.99243,                0.86335,                0.78998,                0.45057,                0.39645,                0.84901,               0.008614,               0.008614,               0.008614
                    142,                0.52791,                0.54568,                0.87745,                 0.8093,                0.98903,                0.85976,                0.78314,                0.45822,                0.41623,                0.84782,              0.0086041,              0.0086041,              0.0086041
                    143,                 0.5274,                0.52371,                 0.8789,                0.81739,                0.99123,                0.84865,                0.78091,                0.44334,                0.40617,                 0.8448,              0.0085942,              0.0085942,              0.0085942
                    144,                0.53696,                0.53375,                0.88419,                  0.814,                0.99308,                0.87029,                0.79732,                0.44236,                0.40312,                0.84273,              0.0085843,              0.0085843,              0.0085843
                    145,                0.53525,                0.53017,                0.88175,                0.81803,                0.99113,                0.88082,                0.81027,                0.44104,                0.39795,                0.84468,              0.0085744,              0.0085744,              0.0085744
                    146,                0.52614,                 0.5369,                0.88126,                0.81569,                0.99023,                0.86785,                0.79551,                0.43712,                0.39253,                0.84268,              0.0085645,              0.0085645,              0.0085645
                    147,                0.53771,                 0.5481,                 0.8942,                0.81589,                0.98947,                 0.8661,                0.79014,                0.44563,                0.39789,                0.84709,              0.0085546,              0.0085546,              0.0085546
                    148,                0.51985,                0.53377,                0.87992,                0.81661,                0.99023,                0.86144,                0.78942,                0.43417,                0.39298,                 0.8437,              0.0085447,              0.0085447,              0.0085447
                    149,                0.53105,                0.53086,                0.88552,                0.81839,                0.99023,                0.85133,                0.77865,                0.43946,                0.40004,                0.84341,              0.0085348,              0.0085348,              0.0085348
                    150,                0.52712,                0.51135,                0.87936,                0.81696,                 0.9908,                 0.8609,                0.78854,                0.44761,                0.39127,                0.84789,              0.0085249,              0.0085249,              0.0085249
                    151,                0.54318,                0.54381,                0.89052,                0.80658,                0.99127,                0.84962,                0.77667,                0.43887,                0.40148,                0.84431,               0.008515,               0.008515,               0.008515
                    152,                0.52117,                0.51231,                0.87623,                0.81799,                0.99023,                0.85778,                0.78656,                0.43271,                0.38968,                0.84026,              0.0085051,              0.0085051,              0.0085051
                    153,                 0.5344,                0.53692,                0.88031,                0.81895,                0.99316,                0.85423,                0.78343,                0.45254,                0.39302,                0.84649,              0.0084952,              0.0084952,              0.0084952
                    154,                0.52603,                0.51913,                0.88005,                0.81892,                0.99324,                0.85412,                0.78379,                0.43627,                0.39187,                 0.8438,              0.0084853,              0.0084853,              0.0084853
                    155,                0.52178,                0.51188,                0.87367,                0.81642,                0.99023,                0.84045,                 0.7724,                0.44216,                0.39256,                0.84715,              0.0084754,              0.0084754,              0.0084754
                    156,                0.51763,                0.51595,                0.87231,                0.81717,                0.99324,                0.83883,                0.77064,                0.43585,                0.39664,                 0.8433,              0.0084655,              0.0084655,              0.0084655
                    157,                0.52421,                0.51976,                0.87808,                0.81546,                0.99028,                 0.8635,                0.79409,                0.43676,                0.38765,                 0.8453,              0.0084556,              0.0084556,              0.0084556
                    158,                0.51473,                0.51009,                 0.8724,                0.81895,                0.98799,                0.85356,                0.78237,                0.44489,                 0.3849,                0.84753,              0.0084457,              0.0084457,              0.0084457
                    159,                0.51963,                0.52117,                0.88228,                0.81888,                 0.9924,                0.84396,                0.77625,                 0.4264,                 0.3887,                0.84304,              0.0084358,              0.0084358,              0.0084358
                    160,                0.52007,                0.52833,                0.88145,                0.81747,                0.99281,                0.85765,                0.78657,                0.44083,                0.39941,                0.84544,              0.0084259,              0.0084259,              0.0084259
                    161,                0.52895,                0.53308,                0.88528,                 0.8211,                0.99208,                0.85156,                0.78556,                0.43458,                0.38227,                0.84412,               0.008416,               0.008416,               0.008416
                    162,                0.51982,                0.51716,                0.87652,                0.80923,                0.99087,                0.86764,                0.80205,                0.43229,                0.39378,                0.84287,              0.0084061,              0.0084061,              0.0084061
                    163,                0.52623,                0.54346,                0.88292,                0.81865,                0.99324,                0.85767,                0.78964,                0.43616,                0.38086,                0.84532,              0.0083962,              0.0083962,              0.0083962
                    164,                0.51834,                0.52835,                0.88025,                0.81458,                0.99121,                0.85859,                0.78886,                0.44151,                0.39065,                 0.8473,              0.0083863,              0.0083863,              0.0083863
                    165,                0.52305,                0.53472,                 0.8775,                 0.8142,                0.98641,                0.85152,                0.78618,                0.43856,                0.40122,                0.84453,              0.0083764,              0.0083764,              0.0083764
                    166,                0.52015,                0.52977,                0.87763,                0.81817,                0.99324,                0.84657,                0.77538,                0.44786,                0.39595,                 0.8455,              0.0083665,              0.0083665,              0.0083665
                    167,                0.52222,                0.50878,                0.88529,                0.81593,                0.99324,                0.84856,                0.78024,                0.43848,                0.39494,                0.84493,              0.0083566,              0.0083566,              0.0083566
                    168,                0.51248,                0.50992,                0.87159,                0.81652,                0.99324,                0.85032,                0.78201,                 0.4421,                0.39764,                0.84569,              0.0083467,              0.0083467,              0.0083467
                    169,                0.52378,                 0.5296,                0.88097,                0.81272,                0.99324,                0.85303,                 0.7867,                0.43608,                0.39723,                0.84404,              0.0083368,              0.0083368,              0.0083368
                    170,                0.52116,                0.51843,                 0.8767,                0.81947,                0.99254,                0.84955,                0.77885,                0.44108,                0.39062,                0.84508,              0.0083269,              0.0083269,              0.0083269
                    171,                0.50908,                0.49865,                0.87766,                0.82098,                0.99324,                0.85423,                 0.7811,                0.43996,                0.38515,                0.84604,               0.008317,               0.008317,               0.008317
                    172,                0.51808,                0.52672,                0.87574,                0.81957,                0.99023,                0.84227,                0.77001,                 0.4374,                0.39739,                0.84496,              0.0083071,              0.0083071,              0.0083071
                    173,                0.52727,                0.51738,                 0.8767,                0.81667,                0.99023,                0.84504,                 0.7747,                0.43703,                0.39313,                0.84445,              0.0082972,              0.0082972,              0.0082972
                    174,                0.51088,                0.50527,                0.87849,                0.81996,                0.99276,                0.84516,                0.77714,                0.43784,                0.39885,                0.84551,              0.0082873,              0.0082873,              0.0082873
                    175,                0.52542,                0.52204,                0.88558,                0.81917,                0.99132,                0.84838,                0.77834,                 0.4395,                0.38637,                0.84746,              0.0082774,              0.0082774,              0.0082774
                    176,                 0.5142,                0.51833,                0.86917,                0.81925,                0.99324,                 0.8422,                0.77555,                0.43008,                0.39223,                0.84227,              0.0082675,              0.0082675,              0.0082675
                    177,                0.51816,                0.51167,                0.87952,                0.81575,                0.98812,                0.84999,                0.77913,                0.43831,                0.39779,                0.84406,              0.0082576,              0.0082576,              0.0082576
                    178,                0.50989,                0.51988,                0.87776,                0.81758,                0.99324,                0.85624,                0.78567,                0.43772,                0.40029,                0.84519,              0.0082477,              0.0082477,              0.0082477
                    179,                0.51918,                0.52172,                0.88344,                0.81451,                0.99324,                0.85836,                0.78912,                0.43562,                0.39324,                0.84406,              0.0082378,              0.0082378,              0.0082378
                    180,                0.51825,                0.51447,                0.87656,                0.81285,                0.99277,                0.86525,                0.79595,                  0.444,                0.39401,                0.84598,              0.0082279,              0.0082279,              0.0082279
                    181,                0.50964,                0.53802,                0.87756,                0.81701,                 0.9924,                0.86647,                 0.7943,                  0.444,                0.39277,                0.84866,               0.008218,               0.008218,               0.008218
                    182,                0.51242,                0.51494,                0.86939,                0.81592,                0.99324,                0.85194,                0.78319,                0.43338,                0.39621,                0.84158,              0.0082081,              0.0082081,              0.0082081
                    183,                0.50501,                0.49596,                 0.8714,                0.81807,                0.99324,                0.85671,                0.78669,                0.43476,                0.38336,                0.84075,              0.0081982,              0.0081982,              0.0081982
                    184,                0.51523,                0.52279,                0.88356,                0.81679,                0.99324,                0.84349,                0.77525,                0.44485,                0.39282,                0.84515,              0.0081883,              0.0081883,              0.0081883
                    185,                0.51131,                0.51096,                0.87923,                0.81594,                0.99284,                0.85581,                0.78641,                 0.4408,                0.39235,                0.84558,              0.0081784,              0.0081784,              0.0081784
                    186,                0.51277,                0.50182,                0.87863,                0.81896,                0.99324,                0.85474,                0.78216,                0.44151,                 0.3816,                0.84586,              0.0081685,              0.0081685,              0.0081685
                    187,                0.50411,                0.49872,                0.86975,                0.82208,                0.98872,                0.86217,                0.78975,                0.43205,                0.38107,                0.84453,              0.0081586,              0.0081586,              0.0081586
                    188,                0.49874,                0.51696,                0.87172,                 0.8195,                0.99023,                0.85304,                0.78718,                0.42794,                0.38434,                0.84318,              0.0081487,              0.0081487,              0.0081487
                    189,                 0.5137,                0.50258,                0.86635,                0.82303,                0.98802,                0.85037,                0.78001,                0.43059,                0.39187,                0.84274,              0.0081388,              0.0081388,              0.0081388
                    190,                 0.5218,                0.51242,                0.88227,                0.82223,                0.98938,                0.85999,                0.79217,                0.42868,                0.39022,                 0.8416,              0.0081289,              0.0081289,              0.0081289
                    191,                 0.5191,                0.50646,                0.88285,                0.81855,                0.99147,                0.85572,                0.78988,                0.43183,                0.40309,                 0.8425,               0.008119,               0.008119,               0.008119
                    192,                0.51496,                0.51269,                0.87631,                0.81888,                 0.9931,                0.84833,                0.77862,                0.43045,                0.38217,                0.84138,              0.0081091,              0.0081091,              0.0081091
                    193,                0.52172,                0.52481,                0.87935,                0.82348,                0.98866,                0.85204,                 0.7806,                0.43506,                0.39076,                0.84408,              0.0080992,              0.0080992,              0.0080992
                    194,                0.51822,                0.51563,                0.87418,                0.81715,                0.99324,                0.86371,                0.79483,                0.42906,                0.38309,                0.84075,              0.0080893,              0.0080893,              0.0080893
                    195,                0.50006,                0.49468,                0.86908,                0.82329,                0.98722,                 0.8498,                0.78505,                0.43304,                0.38148,                0.84364,              0.0080794,              0.0080794,              0.0080794
                    196,                0.50955,                 0.5029,                0.86926,                 0.8213,                0.99179,                0.85248,                0.78682,                0.43105,                0.37727,                0.84143,              0.0080695,              0.0080695,              0.0080695
                    197,                0.50755,                0.50205,                0.87596,                0.82218,                0.99324,                0.84814,                0.78433,                0.42749,                0.37963,                0.84146,              0.0080596,              0.0080596,              0.0080596
                    198,                0.51126,                0.50684,                0.87111,                 0.8191,                0.99023,                0.84771,                 0.7775,                0.43411,                0.38942,                0.84404,              0.0080497,              0.0080497,              0.0080497
                    199,                 0.5033,                0.49583,                0.87352,                0.81578,                0.99178,                0.85532,                0.78635,                0.43167,                0.39305,                0.84309,              0.0080398,              0.0080398,              0.0080398
                    200,                0.50778,                0.51408,                0.87179,                0.81978,                0.99301,                0.85958,                0.79375,                0.43492,                0.39942,                0.84404,              0.0080299,              0.0080299,              0.0080299
                    201,                0.50423,                0.48761,                0.86871,                0.81846,                0.99182,                0.86012,                0.79419,                0.44039,                0.38538,                0.84438,                0.00802,                0.00802,                0.00802
                    202,                 0.5141,                 0.5025,                 0.8773,                0.81965,                0.99183,                0.86496,                0.79522,                0.43424,                0.38744,                 0.8413,              0.0080101,              0.0080101,              0.0080101
                    203,                0.50718,                0.50076,                0.87217,                0.81649,                0.99324,                0.87076,                0.80341,                0.43404,                0.38867,                 0.8416,              0.0080002,              0.0080002,              0.0080002
                    204,                0.50872,                0.49373,                0.87243,                0.82422,                0.98421,                0.85306,                0.78328,                0.43394,                0.39147,                0.84153,              0.0079903,              0.0079903,              0.0079903
                    205,                0.50592,                0.50286,                0.87339,                 0.8181,                0.99324,                 0.8553,                0.77997,                0.44267,                0.38901,                0.84235,              0.0079804,              0.0079804,              0.0079804
                    206,                0.52068,                0.50641,                0.88356,                0.81983,                0.99309,                0.85894,                0.78835,                0.44227,                 0.3828,                0.84393,              0.0079705,              0.0079705,              0.0079705
                    207,                0.49982,                 0.5038,                0.87165,                0.81976,                0.99069,                0.86507,                0.79156,                0.43926,                0.38428,                0.84399,              0.0079606,              0.0079606,              0.0079606
                    208,                0.49263,                0.49833,                0.87426,                0.82351,                0.98251,                0.85078,                0.78034,                0.44136,                0.39162,                0.84445,              0.0079507,              0.0079507,              0.0079507
                    209,                0.51229,                0.50234,                0.88141,                0.81708,                0.99315,                0.84807,                0.78526,                0.43015,                0.39772,                0.84302,              0.0079408,              0.0079408,              0.0079408
                    210,                0.50965,                0.48982,                0.88139,                0.82225,                0.98663,                0.84189,                 0.7763,                0.42961,                0.39485,                0.84127,              0.0079309,              0.0079309,              0.0079309
                    211,                0.50821,                0.51384,                0.87426,                0.81926,                0.98466,                0.84727,                0.78024,                 0.4312,                0.39713,                0.84139,               0.007921,               0.007921,               0.007921
                    212,                0.51145,                0.48147,                 0.8794,                0.82601,                0.98522,                0.85783,                0.79083,                 0.4306,                0.39002,                0.84165,              0.0079111,              0.0079111,              0.0079111
                    213,                0.50677,                0.49336,                0.86842,                0.81884,                0.98885,                0.86373,                0.79773,                0.43454,                0.38229,                0.84239,              0.0079012,              0.0079012,              0.0079012
                    214,                0.49703,                0.49529,                 0.8759,                0.81754,                0.99022,                0.84709,                0.78433,                 0.4284,                0.39124,                0.84111,              0.0078913,              0.0078913,              0.0078913
                    215,                0.48747,                0.48673,                0.86795,                0.81976,                0.98421,                0.84763,                0.77976,                0.42687,                0.39529,                0.83859,              0.0078814,              0.0078814,              0.0078814
                    216,                0.50149,                0.48864,                0.87465,                0.82082,                0.98595,                0.84121,                0.77752,                0.42365,                0.38455,                0.83775,              0.0078715,              0.0078715,              0.0078715
                    217,                 0.5139,                 0.5133,                 0.8791,                0.82075,                0.98211,                0.84644,                0.78234,                0.42853,                 0.3917,                0.83929,              0.0078616,              0.0078616,              0.0078616
                    218,                0.50156,                0.48877,                0.86888,                0.82386,                0.99023,                 0.8483,                0.78273,                0.42688,                0.38927,                0.83942,              0.0078517,              0.0078517,              0.0078517
                    219,                0.50014,                 0.5084,                0.87088,                 0.8277,                0.97818,                0.84558,                0.77914,                0.42195,                0.39169,                0.83645,              0.0078418,              0.0078418,              0.0078418
                    220,                0.49589,                0.48486,                0.87126,                0.82604,                0.98698,                0.84601,                 0.7828,                0.42169,                0.38336,                0.83629,              0.0078319,              0.0078319,              0.0078319
                    221,                0.49336,                0.47075,                0.87246,                 0.8151,                 0.9913,                0.85043,                0.78395,                0.42334,                0.38227,                0.83812,               0.007822,               0.007822,               0.007822
                    222,                0.50144,                0.49891,                0.87284,                0.81966,                0.98999,                0.85314,                0.79128,                0.42103,                0.38801,                0.83926,              0.0078121,              0.0078121,              0.0078121
                    223,                0.50788,                0.49736,                0.86881,                0.82015,                0.98722,                0.86755,                0.79968,                0.42717,                0.38256,                0.83901,              0.0078022,              0.0078022,              0.0078022
                    224,                0.50794,                0.50423,                0.87547,                0.81975,                0.98955,                0.86745,                0.80425,                 0.4216,                0.38193,                0.83754,              0.0077923,              0.0077923,              0.0077923
                    225,                0.49837,                0.48832,                0.87669,                0.81649,                0.99324,                0.86059,                0.79468,                0.42521,                0.38159,                0.83902,              0.0077824,              0.0077824,              0.0077824
                    226,                0.49955,                0.48848,                0.86962,                0.82076,                0.99324,                0.85603,                0.78934,                0.42727,                0.38371,                0.83988,              0.0077725,              0.0077725,              0.0077725
                    227,                0.49296,                0.48829,                0.86773,                0.81768,                0.99324,                 0.8608,                0.79251,                0.42827,                0.38758,                0.84136,              0.0077626,              0.0077626,              0.0077626
                    228,                0.49719,                0.49077,                0.87288,                0.81913,                0.99324,                0.85493,                0.78887,                 0.4296,                0.37942,                0.84107,              0.0077527,              0.0077527,              0.0077527
                    229,                 0.5069,                0.48916,                0.87563,                  0.818,                0.99324,                0.85553,                0.79039,                0.42515,                0.38464,                0.83961,              0.0077428,              0.0077428,              0.0077428
                    230,                0.50296,                0.50149,                0.87339,                 0.8152,                0.99324,                0.85893,                 0.7923,                0.42718,                0.38338,                0.84101,              0.0077329,              0.0077329,              0.0077329
                    231,                0.50574,                0.49186,                0.87626,                0.81632,                0.99228,                0.86758,                0.80198,                0.42623,                0.37839,                0.83974,               0.007723,               0.007723,               0.007723
                    232,                 0.4992,                0.48695,                0.86768,                0.81385,                0.99077,                0.86055,                0.79427,                0.42247,                0.38695,                0.83881,              0.0077131,              0.0077131,              0.0077131
                    233,                0.49933,                0.48283,                0.86502,                0.81779,                0.99324,                0.85331,                0.78843,                0.42504,                0.38233,                0.83939,              0.0077032,              0.0077032,              0.0077032
                    234,                 0.4998,                 0.4904,                0.86863,                0.81747,                0.98904,                0.85627,                0.79578,                0.41807,                0.38176,                0.83762,              0.0076933,              0.0076933,              0.0076933
                    235,                0.49866,                0.48055,                0.87492,                0.81864,                0.98722,                0.85479,                0.78988,                 0.4215,                0.37974,                0.83792,              0.0076834,              0.0076834,              0.0076834
                    236,                0.49122,                 0.4842,                0.86909,                0.81192,                0.99324,                0.86059,                0.79667,                0.42241,                0.38791,                0.83849,              0.0076735,              0.0076735,              0.0076735
                    237,                0.49146,                   0.49,                0.86892,                0.81757,                0.99324,                0.86902,                0.80182,                0.43032,                0.38481,                0.84198,              0.0076636,              0.0076636,              0.0076636
                    238,                0.50299,                 0.5037,                 0.8756,                0.82741,                0.98119,                0.85357,                0.78949,                0.42167,                0.38918,                0.83867,              0.0076537,              0.0076537,              0.0076537
                    239,                0.49594,                0.47846,                0.87169,                0.83203,                0.98119,                0.86115,                0.79569,                0.42334,                0.37965,                 0.8395,              0.0076438,              0.0076438,              0.0076438
                    240,                0.50213,                0.49665,                0.86963,                 0.8246,                0.97645,                0.86523,                0.79956,                0.42181,                0.37783,                0.83773,              0.0076339,              0.0076339,              0.0076339
                    241,                0.49861,                0.48229,                0.86684,                0.82184,                0.98421,                0.85752,                0.79315,                0.42027,                0.38178,                0.83629,               0.007624,               0.007624,               0.007624
                    242,                0.50522,                0.49719,                0.87439,                 0.8211,                0.98421,                0.85802,                0.79423,                0.42266,                0.39063,                0.83701,              0.0076141,              0.0076141,              0.0076141
                    243,                0.49649,                0.49876,                0.86716,                0.81968,                0.98722,                0.86133,                0.79747,                0.42311,                0.39447,                0.83765,              0.0076042,              0.0076042,              0.0076042
                    244,                0.49267,                0.49903,                0.87179,                0.82254,                0.98154,                0.85914,                0.79191,                0.41685,                0.38375,                0.83657,              0.0075943,              0.0075943,              0.0075943
                    245,                0.49577,                0.49097,                0.86958,                0.83002,                0.97924,                0.86332,                0.80148,                0.41615,                0.37901,                0.83559,              0.0075844,              0.0075844,              0.0075844
